Month,Highest power consumption (kW)
January,1.9756
February,1.8628
March,1.7837666666666667
April,1.7853666666666668
May,1.9897
June,1.5282000000000002
July,1.4587333333333332
August,1.0539333333333334
September,1.1578666666666668
October,1.4994333333333334
November,1.989
December,2.1007666666666664
